제목,날짜,URL,카테고리
"[보령시 영상 시청 이벤트] 충남 홍보 영상대전에 참가한 보령시를 응원해주세요! 당첨...
2024. 12. 12.
댓글수
2",2024. 12. 12.,https://blog.naver.com/PostView.naver?blogId=boryeongsi&logNo=223691151802&categoryNo=58&parentCategoryNo=&from=thumbnailList,카테고리1
"겨울에도 꽃을 볼 수 있는 개화예술공원 개화 허브랜드
2024. 12. 31.
댓글수
1",2024. 12. 31.,https://blog.naver.com/PostView.naver?blogId=boryeongsi&logNo=223709431770&categoryNo=56&parentCategoryNo=56&from=thumbnailList,카테고리2
"보령 겨울 아이랑 실내 가볼 만한 곳 보령 해저터널 홍보관 후기
2024. 12. 30.
댓글수
2",2024. 12. 30.,https://blog.naver.com/PostView.naver?blogId=boryeongsi&logNo=223709430274&categoryNo=56&parentCategoryNo=56&from=thumbnailList,카테고리2
"보령 겨울방학 관광지 추천 목재문화체험장
2024. 12. 30.
댓글수
2",2024. 12. 30.,https://blog.naver.com/PostView.naver?blogId=boryeongsi&logNo=223709429369&categoryNo=56&parentCategoryNo=56&from=thumbnailList,카테고리2
"하얀 눈이 내린 후 오서산 산행 어때?
2024. 12. 30.
댓글수
0",2024. 12. 30.,https://blog.naver.com/PostView.naver?blogId=boryeongsi&logNo=223709162447&categoryNo=56&parentCategoryNo=56&from=thumbnailList,카테고리2
"보령 걷기좋은길 추천 천수만 농어촌테마파크
2024. 12. 27.
댓글수
1",2024. 12. 27.,https://blog.naver.com/PostView.naver?blogId=boryeongsi&logNo=223706830348&categoryNo=56&parentCategoryNo=56&from=thumbnailList,카테고리2
"보령 '삽시도&원산도' 섬 여행을 떠나요!
2024. 12. 27.
댓글수
2",2024. 12. 27.,https://blog.naver.com/PostView.naver?blogId=boryeongsi&logNo=223706713360&categoryNo=56&parentCategoryNo=56&from=thumbnailList,카테고리2
"겨울여행지 추천 보령 석탄 박물관에서 에너지의 변화를 배우자
2024. 12. 26.
댓글수
0",2024. 12. 26.,https://blog.naver.com/PostView.naver?blogId=boryeongsi&logNo=223705804315&categoryNo=56&parentCategoryNo=56&from=thumbnailList,카테고리2
"12월 보령 힐링 산책코스 추천 소황사구
2024. 12. 26.
댓글수
2",2024. 12. 26.,https://blog.naver.com/PostView.naver?blogId=boryeongsi&logNo=223705789489&categoryNo=56&parentCategoryNo=56&from=thumbnailList,카테고리2
"보령 에너지월드 아이와 놀러 오세요!
2024. 12. 26.
댓글수
4",2024. 12. 26.,https://blog.naver.com/PostView.naver?blogId=boryeongsi&logNo=223705667356&categoryNo=56&parentCategoryNo=56&from=thumbnailList,카테고리2
"모산조형미술관 모산국제조각 레지던스 성과보고전: 인간과 자연 전시 (~2025년 3월...
2024. 12. 24.
댓글수
1",2024. 12. 24.,https://blog.naver.com/PostView.naver?blogId=boryeongsi&logNo=223702675003&categoryNo=56&parentCategoryNo=56&from=thumbnailList,카테고리2
"모두가 알았으면 하는 낭만 가득 대천해수욕장 야경
2024. 12. 24.
댓글수
0",2024. 12. 24.,https://blog.naver.com/PostView.naver?blogId=boryeongsi&logNo=223703970738&categoryNo=56&parentCategoryNo=56&from=thumbnailList,카테고리2
"더욱 스마트 해진 보령시, 스마트 버스정류장·스마트 폴을 소개합니다.
2024. 12. 23.
댓글수
1",2024. 12. 23.,https://blog.naver.com/PostView.naver?blogId=boryeongsi&logNo=223702664792&categoryNo=56&parentCategoryNo=56&from=thumbnailList,카테고리2
"먹고, 보고, 사고! 보령 중앙시장 전통 오일장
2024. 12. 23.
댓글수
3",2024. 12. 23.,https://blog.naver.com/PostView.naver?blogId=boryeongsi&logNo=223702718166&categoryNo=56&parentCategoryNo=56&from=thumbnailList,카테고리2
"볼링은 보령종합체육관 볼링장에서!
2024. 12. 20.
댓글수
0",2024. 12. 20.,https://blog.naver.com/PostView.naver?blogId=boryeongsi&logNo=223700289633&categoryNo=56&parentCategoryNo=56&from=thumbnailList,카테고리2
"보령 옥마산의 아름다운 풍경을 배경 삼아 사진 찰칵!
2024. 12. 20.
댓글수
1",2024. 12. 20.,https://blog.naver.com/PostView.naver?blogId=boryeongsi&logNo=223699950379&categoryNo=56&parentCategoryNo=56&from=thumbnailList,카테고리2
"수몰된 마을의 흔적을 담다. 보령댐 애향박물관
2024. 12. 19.
댓글수
1",2024. 12. 19.,https://blog.naver.com/PostView.naver?blogId=boryeongsi&logNo=223699457180&categoryNo=56&parentCategoryNo=56&from=thumbnailList,카테고리2
"개화허브랜드 온실에서 즐기는 자연
2024. 12. 19.
댓글수
0",2024. 12. 19.,https://blog.naver.com/PostView.naver?blogId=boryeongsi&logNo=223698754138&categoryNo=56&parentCategoryNo=56&from=thumbnailList,카테고리2
"겨울 도보여행 죽정교 주변 대천천
2024. 12. 18.
댓글수
2",2024. 12. 18.,https://blog.naver.com/PostView.naver?blogId=boryeongsi&logNo=223698036936&categoryNo=56&parentCategoryNo=56&from=thumbnailList,카테고리2
"보령박물관으로 시간 여행 떠나보자!
2024. 12. 18.
댓글수
3",2024. 12. 18.,https://blog.naver.com/PostView.naver?blogId=boryeongsi&logNo=223697500079&categoryNo=56&parentCategoryNo=56&from=thumbnailList,카테고리2
"보물 관람하기 좋은 성주사지역사관과 성주사지
2024. 12. 17.
댓글수
2",2024. 12. 17.,https://blog.naver.com/PostView.naver?blogId=boryeongsi&logNo=223696249514&categoryNo=56&parentCategoryNo=56&from=thumbnailList,카테고리2
"보령 무창포타워에서 구경하는 겨울바다
2024. 12. 17.
댓글수
3",2024. 12. 17.,https://blog.naver.com/PostView.naver?blogId=boryeongsi&logNo=223696245256&categoryNo=56&parentCategoryNo=56&from=thumbnailList,카테고리2
"2024년 12월을 알차게 보내볼 수 있는 보령 무궁화수목원
2024. 12. 16.
댓글수
3",2024. 12. 16.,https://blog.naver.com/PostView.naver?blogId=boryeongsi&logNo=223695524152&categoryNo=56&parentCategoryNo=56&from=thumbnailList,카테고리2
"언제든 방문하기 좋은 웅천돌문화공원 & 석재전시관
2024. 12. 16.
댓글수
1",2024. 12. 16.,https://blog.naver.com/PostView.naver?blogId=boryeongsi&logNo=223695019577&categoryNo=56&parentCategoryNo=56&from=thumbnailList,카테고리2
"보령 대천해수욕장 노을
2024. 12. 13.
댓글수
3",2024. 12. 13.,https://blog.naver.com/PostView.naver?blogId=boryeongsi&logNo=223692664809&categoryNo=56&parentCategoryNo=56&from=thumbnailList,카테고리2
"요즘 대세는 러닝! 러닝 하러 대천천 어때?
2024. 12. 13.
댓글수
1",2024. 12. 13.,https://blog.naver.com/PostView.naver?blogId=boryeongsi&logNo=223692099838&categoryNo=56&parentCategoryNo=56&from=thumbnailList,카테고리2
"풍성한 먹거리와 즐길 거리 가득한 대천 오일장
2024. 12. 12.
댓글수
3",2024. 12. 12.,https://blog.naver.com/PostView.naver?blogId=boryeongsi&logNo=223691403302&categoryNo=56&parentCategoryNo=56&from=thumbnailList,카테고리2
"추워진 날씨 피해서 보령 실내에서 놀자! 2탄
2024. 12. 12.
댓글수
0",2024. 12. 12.,https://blog.naver.com/PostView.naver?blogId=boryeongsi&logNo=223690868646&categoryNo=56&parentCategoryNo=56&from=thumbnailList,카테고리2
"보령댐 물빛공원 초겨울 산책하기
2024. 12. 11.
댓글수
0",2024. 12. 11.,https://blog.naver.com/PostView.naver?blogId=boryeongsi&logNo=223690210590&categoryNo=56&parentCategoryNo=56&from=thumbnailList,카테고리2
"더 안전하고 즐거운 공간으로 새 단장한 보령 동대근린공원
2024. 12. 11.
댓글수
0",2024. 12. 11.,https://blog.naver.com/PostView.naver?blogId=boryeongsi&logNo=223689712237&categoryNo=56&parentCategoryNo=56&from=thumbnailList,카테고리2
"보령 9경하고 산책하자! in 보령호
2024. 12. 10.
댓글수
2",2024. 12. 10.,https://blog.naver.com/PostView.naver?blogId=boryeongsi&logNo=223688405477&categoryNo=56&parentCategoryNo=56&from=thumbnailList,카테고리2
"보령 성주산 전망대에서 바라 본 노을
2024. 12. 9.
댓글수
0",2024. 12. 9.,https://blog.naver.com/PostView.naver?blogId=boryeongsi&logNo=223687227555&categoryNo=56&parentCategoryNo=56&from=thumbnailList,카테고리2
"신선한 유기농 우유가 가득한 보령 우유창고로 나들이 GO!
2024. 12. 6.
댓글수
0",2024. 12. 6.,https://blog.naver.com/PostView.naver?blogId=boryeongsi&logNo=223683604875&categoryNo=56&parentCategoryNo=56&from=thumbnailList,카테고리2
"바다의 맛이 담긴 보령 겨울철 별미 음식
2024. 12. 5.
댓글수
1",2024. 12. 5.,https://blog.naver.com/PostView.naver?blogId=boryeongsi&logNo=223683334359&categoryNo=56&parentCategoryNo=56&from=thumbnailList,카테고리2
"서해바다 경관을 한 눈에 담아 보령! 충청수영해안경관전망대
2024. 12. 4.
댓글수
1",2024. 12. 4.,https://blog.naver.com/PostView.naver?blogId=boryeongsi&logNo=223682232517&categoryNo=56&parentCategoryNo=56&from=thumbnailList,카테고리2
"염소 먹이주기 체험 + 양송이 수확 등 정촌유기농원에서 색다른 체험 즐겨 보령!
2024. 12. 3.
댓글수
1",2024. 12. 3.,https://blog.naver.com/PostView.naver?blogId=boryeongsi&logNo=223680928903&categoryNo=56&parentCategoryNo=56&from=thumbnailList,카테고리2
"보령의 역사를 돌아볼 수 있는 보령박물관
2024. 12. 2.
댓글수
1",2024. 12. 2.,https://blog.naver.com/PostView.naver?blogId=boryeongsi&logNo=223679958548&categoryNo=56&parentCategoryNo=56&from=thumbnailList,카테고리2
"힐링하기 좋은 보령 여행지 '보령 충청수영성'
2024. 12. 2.
댓글수
1",2024. 12. 2.,https://blog.naver.com/PostView.naver?blogId=boryeongsi&logNo=223679669815&categoryNo=56&parentCategoryNo=56&from=thumbnailList,카테고리2
"청년문화예술패스 사용기간 연장안내
2024. 12. 27.
댓글수
0",2024. 12. 27.,https://blog.naver.com/PostView.naver?blogId=boryeongsi&logNo=223707025558&categoryNo=10&parentCategoryNo=10&from=thumbnailList,카테고리3
"🏆2024 보령시정 10대 뉴스 선정 결과 발표🏆
2024. 12. 23.
댓글수
0",2024. 12. 23.,https://blog.naver.com/PostView.naver?blogId=boryeongsi&logNo=223703180018&categoryNo=10&parentCategoryNo=10&from=thumbnailList,카테고리3
"이공사오 청년창업 성과나눔 마켓 안내
2024. 12. 20.
댓글수
1",2024. 12. 20.,https://blog.naver.com/PostView.naver?blogId=boryeongsi&logNo=223700292834&categoryNo=10&parentCategoryNo=10&from=thumbnailList,카테고리3
"제4기 충남 청년네트워크 위원모집 안내
2024. 12. 19.
댓글수
1",2024. 12. 19.,https://blog.naver.com/PostView.naver?blogId=boryeongsi&logNo=223699229310&categoryNo=10&parentCategoryNo=10&from=thumbnailList,카테고리3
"보령시 청소년방과후아카데미 신입생 모집
2024. 12. 18.
댓글수
1",2024. 12. 18.,https://blog.naver.com/PostView.naver?blogId=boryeongsi&logNo=223697937069&categoryNo=10&parentCategoryNo=10&from=thumbnailList,카테고리3
"내년 2월 말까지 시가지 장식거리 야간경관조명 운영됩니다!
2024. 12. 17.
댓글수
1",2024. 12. 17.,https://blog.naver.com/PostView.naver?blogId=boryeongsi&logNo=223696239087&categoryNo=10&parentCategoryNo=10&from=thumbnailList,카테고리3
"에너지 취약계층 대상 동절기 연탄쿠폰 지원사업 추가 접수 안내
2024. 12. 12.
댓글수
1",2024. 12. 12.,https://blog.naver.com/PostView.naver?blogId=boryeongsi&logNo=223691356288&categoryNo=10&parentCategoryNo=10&from=thumbnailList,카테고리3
"<복권기금 활용 - 함께타요!> 75세 이상 어르신, 등록장애인 등 시내농...
2024. 12. 11.
댓글수
0",2024. 12. 11.,https://blog.naver.com/PostView.naver?blogId=boryeongsi&logNo=223689851266&categoryNo=10&parentCategoryNo=10&from=thumbnailList,카테고리3
"2025년부터 충남형 알뜰교통카드 지원방식이 변경됩니다!
2024. 12. 10.
댓글수
1",2024. 12. 10.,https://blog.naver.com/PostView.naver?blogId=boryeongsi&logNo=223688849753&categoryNo=10&parentCategoryNo=10&from=thumbnailList,카테고리3
"제6차 계절관리제 실시에 따른 '배출가스 5등급 차량 운행제한 시행' 및 '미세먼지 ...
2024. 12. 9.
댓글수
1",2024. 12. 9.,https://blog.naver.com/PostView.naver?blogId=boryeongsi&logNo=223687223138&categoryNo=10&parentCategoryNo=10&from=thumbnailList,카테고리3
"충청남도 영유아 교통안전용품 지원 사업 안내
2024. 12. 6.
댓글수
3",2024. 12. 6.,https://blog.naver.com/PostView.naver?blogId=boryeongsi&logNo=223684679683&categoryNo=10&parentCategoryNo=10&from=thumbnailList,카테고리3
"한랭질환 증상 시 이렇게 조치하세요! 건강한 겨울나기 건강 수칙
2024. 12. 5.
댓글수
1",2024. 12. 5.,https://blog.naver.com/PostView.naver?blogId=boryeongsi&logNo=223683768231&categoryNo=10&parentCategoryNo=10&from=thumbnailList,카테고리3
"제193회 만세보령 아카데미 '소설, 삶을 담는 그릇' 김애란 작가
2024. 12. 4.
댓글수
2",2024. 12. 4.,https://blog.naver.com/PostView.naver?blogId=boryeongsi&logNo=223682301340&categoryNo=10&parentCategoryNo=10&from=thumbnailList,카테고리3
"'2025년 동계 대학생 단기인턴 지원사업 참여대학생 모집' 안내
2024. 12. 3.
댓글수
1",2024. 12. 3.,https://blog.naver.com/PostView.naver?blogId=boryeongsi&logNo=223681333689&categoryNo=10&parentCategoryNo=10&from=thumbnailList,카테고리3
"도민이라면 누구나 참여 가능한 충남형 탄소중립 포인트제 '탄소업슈'
2024. 12. 2.
댓글수
0",2024. 12. 2.,https://blog.naver.com/PostView.naver?blogId=boryeongsi&logNo=223679944472&categoryNo=10&parentCategoryNo=10&from=thumbnailList,카테고리3
"[춘향찰칵] 제11회 지리산 바래봉 눈꽃축제 현장!
2025. 1. 13.
댓글수
3",2025. 1. 13.,https://blog.naver.com/PostView.naver?blogId=goodnamwon&logNo=223724598485&categoryNo=19&parentCategoryNo=&from=thumbnailList,남원여행
"남원 가볼 만한 곳! 함파우소리체험관의 특별한 매력을 소개합니다
2025. 1. 9.
댓글수
0",2025. 1. 9.,https://blog.naver.com/PostView.naver?blogId=goodnamwon&logNo=223720053545&categoryNo=19&parentCategoryNo=&from=thumbnailList,남원여행
"[춘향찰칵] 제11회 지리산 바래봉 눈꽃축제 현장!
2025. 1. 13.
댓글수
3",2025. 1. 13.,https://blog.naver.com/PostView.naver?blogId=goodnamwon&logNo=223724598485&categoryNo=19&parentCategoryNo=&from=thumbnailList,남원여행
"남원 가볼 만한 곳! 함파우소리체험관의 특별한 매력을 소개합니다
2025. 1. 9.
댓글수
0",2025. 1. 9.,https://blog.naver.com/PostView.naver?blogId=goodnamwon&logNo=223720053545&categoryNo=19&parentCategoryNo=&from=thumbnailList,남원여행
"남원시 청년 (19~45세) 주거 정착지원사업 참여자를 모집합니다.
2025. 1. 24.
댓글수
0",2025. 1. 24.,https://blog.naver.com/PostView.naver?blogId=goodnamwon&logNo=223736757118&categoryNo=21&parentCategoryNo=&from=thumbnailList,남원소식
"남원시공공도서관과 지역서점이 함께하는 '책값 돌려주기' (2025년 1월 ~ 예산 소...
2025. 1. 24.
댓글수
0",2025. 1. 24.,https://blog.naver.com/PostView.naver?blogId=goodnamwon&logNo=223736754206&categoryNo=21&parentCategoryNo=&from=thumbnailList,남원소식
"설날 연휴 여행지 남원차트 TOP 10 🚘
2025. 1. 24.
댓글수
2",2025. 1. 24.,https://blog.naver.com/PostView.naver?blogId=goodnamwon&logNo=223736750002&categoryNo=21&parentCategoryNo=&from=thumbnailList,남원소식
"남원 광한루원·남원관광지 ‘2025~2026 한국관광 100선’ 선정🎉
2025. 1. 24.
댓글수
0",2025. 1. 24.,https://blog.naver.com/PostView.naver?blogId=goodnamwon&logNo=223736738808&categoryNo=21&parentCategoryNo=&from=thumbnailList,남원소식
"‘남원시 인증 5대 맛집’현판 제막식
2025. 1. 24.
댓글수
11",2025. 1. 24.,https://blog.naver.com/PostView.naver?blogId=goodnamwon&logNo=223736340234&categoryNo=21&parentCategoryNo=&from=thumbnailList,남원소식
"2025년 을사년 새해 복 많이 받으세요! 남원 시장 설날 인사
2025. 1. 24.
댓글수
1",2025. 1. 24.,https://blog.naver.com/PostView.naver?blogId=goodnamwon&logNo=223736133125&categoryNo=21&parentCategoryNo=&from=thumbnailList,남원소식
"2025 남원시 설날 연휴 종합안내｜즐겁고 건강한 설날 보내세요!
2025. 1. 22.
댓글수
0",2025. 1. 22.,https://blog.naver.com/PostView.naver?blogId=goodnamwon&logNo=223734530323&categoryNo=21&parentCategoryNo=&from=thumbnailList,남원소식
"남원시립김병종미술관 '낯익은 도시, 낯선 이야기' 전시 안내
2025. 1. 22.
댓글수
0",2025. 1. 22.,https://blog.naver.com/PostView.naver?blogId=goodnamwon&logNo=223734511577&categoryNo=21&parentCategoryNo=&from=thumbnailList,남원소식
"1월 HOT한 남원뉴스! 2025년 1월-2호
2025. 1. 21.
댓글수
0",2025. 1. 21.,https://blog.naver.com/PostView.naver?blogId=goodnamwon&logNo=223733055624&categoryNo=21&parentCategoryNo=&from=thumbnailList,남원소식
"[EVENT] 남원누리시민증 발급받고, 2025 새해 소망 남기고 추첨을 통한 경품도...
2025. 1. 20.
댓글수
11",2025. 1. 20.,https://blog.naver.com/PostView.naver?blogId=goodnamwon&logNo=223731785005&categoryNo=21&parentCategoryNo=&from=thumbnailList,남원소식
"남원시 고향사랑기부제 N0번째 기부자를 찾습니다! 500번째 기부자 3만원 상당 답례...
2025. 1. 20.
댓글수
0",2025. 1. 20.,https://blog.naver.com/PostView.naver?blogId=goodnamwon&logNo=223731654536&categoryNo=21&parentCategoryNo=&from=thumbnailList,남원소식
"남원보건소 신규 시책 신설, 올해 도내 유일 ‘제1형 당뇨병환자 지원 사업’ 추진
2025. 1. 20.
댓글수
0",2025. 1. 20.,https://blog.naver.com/PostView.naver?blogId=goodnamwon&logNo=223731297277&categoryNo=21&parentCategoryNo=&from=thumbnailList,남원소식
"2025년 남원시가 이렇게 달라집니다! #3편
2025. 1. 17.
댓글수
2",2025. 1. 17.,https://blog.naver.com/PostView.naver?blogId=goodnamwon&logNo=223728797393&categoryNo=21&parentCategoryNo=&from=thumbnailList,남원소식
"2025 남원시 시민안전보험 안내
2025. 1. 17.
댓글수
1",2025. 1. 17.,https://blog.naver.com/PostView.naver?blogId=goodnamwon&logNo=223728546267&categoryNo=21&parentCategoryNo=&from=thumbnailList,남원소식
"2025년 남원시가 이렇게 달라집니다! #2편
2025. 1. 16.
댓글수
5",2025. 1. 16.,https://blog.naver.com/PostView.naver?blogId=goodnamwon&logNo=223727972222&categoryNo=21&parentCategoryNo=&from=thumbnailList,남원소식
"남원시, 2025년 시민공감 열린대화 추진
2025. 1. 16.
댓글수
0",2025. 1. 16.,https://blog.naver.com/PostView.naver?blogId=goodnamwon&logNo=223727467708&categoryNo=21&parentCategoryNo=&from=thumbnailList,남원소식
"2025년 남원시가 이렇게 달라집니다! #1편
2025. 1. 15.
댓글수
2",2025. 1. 15.,https://blog.naver.com/PostView.naver?blogId=goodnamwon&logNo=223726938091&categoryNo=21&parentCategoryNo=&from=thumbnailList,남원소식
"2025년 새해, 남원시가 이렇게 달라집니다!
2025. 1. 15.
댓글수
0",2025. 1. 15.,https://blog.naver.com/PostView.naver?blogId=goodnamwon&logNo=223726909498&categoryNo=21&parentCategoryNo=&from=thumbnailList,남원소식
"남원시, 시민의 일상 안정화를 위한 '민생회복'과 '국립기관 유치' 방점
2025. 1. 14.
댓글수
1",2025. 1. 14.,https://blog.naver.com/PostView.naver?blogId=goodnamwon&logNo=223725463486&categoryNo=21&parentCategoryNo=&from=thumbnailList,남원소식
"제2중앙경찰학교 남원시 유치를 희망합니다🎈
2025. 1. 14.
댓글수
0",2025. 1. 14.,https://blog.naver.com/PostView.naver?blogId=goodnamwon&logNo=223725448937&categoryNo=21&parentCategoryNo=&from=thumbnailList,남원소식
"2025 건강 한 걸음! 신체활동 챌린지
2025. 1. 13.
댓글수
0",2025. 1. 13.,https://blog.naver.com/PostView.naver?blogId=goodnamwon&logNo=223724452759&categoryNo=21&parentCategoryNo=&from=thumbnailList,남원소식
"백두대간 생태교육장 전시관 “세계 절지동물 특별기획전” 개최
2025. 1. 10.
댓글수
1",2025. 1. 10.,https://blog.naver.com/PostView.naver?blogId=goodnamwon&logNo=223721856669&categoryNo=21&parentCategoryNo=&from=thumbnailList,남원소식
"남원시 인증 5대 맛집 '남원미식' 선정!
2025. 1. 10.
댓글수
5",2025. 1. 10.,https://blog.naver.com/PostView.naver?blogId=goodnamwon&logNo=223721838325&categoryNo=21&parentCategoryNo=&from=thumbnailList,남원소식
"1월 HOT한 남원뉴스! 2025년 1월-1호
2025. 1. 10.
댓글수
2",2025. 1. 10.,https://blog.naver.com/PostView.naver?blogId=goodnamwon&logNo=223721649955&categoryNo=21&parentCategoryNo=&from=thumbnailList,남원소식
"2025학년도 전북대학교 지역산업학과 신ㆍ편입생을 모집합니다!
2025. 1. 10.
댓글수
0",2025. 1. 10.,https://blog.naver.com/PostView.naver?blogId=goodnamwon&logNo=223721577430&categoryNo=21&parentCategoryNo=&from=thumbnailList,남원소식
"2025 벼 재배면적 조정제를 실시합니다!🌾
2025. 1. 10.
댓글수
0",2025. 1. 10.,https://blog.naver.com/PostView.naver?blogId=goodnamwon&logNo=223721279991&categoryNo=21&parentCategoryNo=&from=thumbnailList,남원소식
"설 명절엔 공감마켓으로 마음을 전하세요❤
2025. 1. 9.
댓글수
1",2025. 1. 9.,https://blog.naver.com/PostView.naver?blogId=goodnamwon&logNo=223720316813&categoryNo=21&parentCategoryNo=&from=thumbnailList,남원소식
"남원시, 전 시민 민생안정지원금 30만원 지급
2025. 1. 8.
댓글수
1",2025. 1. 8.,https://blog.naver.com/PostView.naver?blogId=goodnamwon&logNo=223719065273&categoryNo=21&parentCategoryNo=&from=thumbnailList,남원소식
"1월 한 달간 카드ㆍ모바일 남원사랑상품권 설맞이 확대 운영 안내
2025. 1. 8.
댓글수
0",2025. 1. 8.,https://blog.naver.com/PostView.naver?blogId=goodnamwon&logNo=223719041173&categoryNo=21&parentCategoryNo=&from=thumbnailList,남원소식
"2025 남원 SNS 서포터즈 모집ㆍ활동안내 (~1월19일까지 모집)
2025. 1. 8.
댓글수
4",2025. 1. 8.,https://blog.naver.com/PostView.naver?blogId=goodnamwon&logNo=223718837179&categoryNo=21&parentCategoryNo=&from=thumbnailList,남원소식
"1인당 20만원! '남원시 입영지원금' 입영(소집)전일까지 신청하세요
2025. 1. 8.
댓글수
0",2025. 1. 8.,https://blog.naver.com/PostView.naver?blogId=goodnamwon&logNo=223718829050&categoryNo=21&parentCategoryNo=&from=thumbnailList,남원소식
"겨울철 대설 대비 이렇게 행동하세요!
2025. 1. 7.
댓글수
1",2025. 1. 7.,https://blog.naver.com/PostView.naver?blogId=goodnamwon&logNo=223717436419&categoryNo=21&parentCategoryNo=&from=thumbnailList,남원소식
"겨울철 한파 대비 이렇게 행동하세요!
2025. 1. 7.
댓글수
1",2025. 1. 7.,https://blog.naver.com/PostView.naver?blogId=goodnamwon&logNo=223717413544&categoryNo=21&parentCategoryNo=&from=thumbnailList,남원소식
"'민생 최우선’ 남원시, 2025년도 상수도 요금 인상 유예
2025. 1. 6.
댓글수
2",2025. 1. 6.,https://blog.naver.com/PostView.naver?blogId=goodnamwon&logNo=223716089932&categoryNo=21&parentCategoryNo=&from=thumbnailList,남원소식
"2025년 을사년, 새해 복 많이 받으시길 바랍니다!
2025. 1. 6.
댓글수
0",2025. 1. 6.,https://blog.naver.com/PostView.naver?blogId=goodnamwon&logNo=223715996247&categoryNo=21&parentCategoryNo=&from=thumbnailList,남원소식
"[춘향찰칵] 제11회 지리산 바래봉 눈꽃축제 현장!
2025. 1. 13.
댓글수
3",2025. 1. 13.,https://blog.naver.com/PostView.naver?blogId=goodnamwon&logNo=223724598485&categoryNo=19&parentCategoryNo=&from=thumbnailList,남원여행
"남원 가볼 만한 곳! 함파우소리체험관의 특별한 매력을 소개합니다
2025. 1. 9.
댓글수
0",2025. 1. 9.,https://blog.naver.com/PostView.naver?blogId=goodnamwon&logNo=223720053545&categoryNo=19&parentCategoryNo=&from=thumbnailList,남원여행
"남원시 청년 (19~45세) 주거 정착지원사업 참여자를 모집합니다.
2025. 1. 24.
댓글수
0",2025. 1. 24.,https://blog.naver.com/PostView.naver?blogId=goodnamwon&logNo=223736757118&categoryNo=21&parentCategoryNo=&from=thumbnailList,남원소식
"남원시공공도서관과 지역서점이 함께하는 '책값 돌려주기' (2025년 1월 ~ 예산 소...
2025. 1. 24.
댓글수
0",2025. 1. 24.,https://blog.naver.com/PostView.naver?blogId=goodnamwon&logNo=223736754206&categoryNo=21&parentCategoryNo=&from=thumbnailList,남원소식
"설날 연휴 여행지 남원차트 TOP 10 🚘
2025. 1. 24.
댓글수
2",2025. 1. 24.,https://blog.naver.com/PostView.naver?blogId=goodnamwon&logNo=223736750002&categoryNo=21&parentCategoryNo=&from=thumbnailList,남원소식
"남원 광한루원·남원관광지 ‘2025~2026 한국관광 100선’ 선정🎉
2025. 1. 24.
댓글수
0",2025. 1. 24.,https://blog.naver.com/PostView.naver?blogId=goodnamwon&logNo=223736738808&categoryNo=21&parentCategoryNo=&from=thumbnailList,남원소식
"‘남원시 인증 5대 맛집’현판 제막식
2025. 1. 24.
댓글수
11",2025. 1. 24.,https://blog.naver.com/PostView.naver?blogId=goodnamwon&logNo=223736340234&categoryNo=21&parentCategoryNo=&from=thumbnailList,남원소식
"2025년 을사년 새해 복 많이 받으세요! 남원 시장 설날 인사
2025. 1. 24.
댓글수
1",2025. 1. 24.,https://blog.naver.com/PostView.naver?blogId=goodnamwon&logNo=223736133125&categoryNo=21&parentCategoryNo=&from=thumbnailList,남원소식
"2025 남원시 설날 연휴 종합안내｜즐겁고 건강한 설날 보내세요!
2025. 1. 22.
댓글수
0",2025. 1. 22.,https://blog.naver.com/PostView.naver?blogId=goodnamwon&logNo=223734530323&categoryNo=21&parentCategoryNo=&from=thumbnailList,남원소식
"남원시립김병종미술관 '낯익은 도시, 낯선 이야기' 전시 안내
2025. 1. 22.
댓글수
0",2025. 1. 22.,https://blog.naver.com/PostView.naver?blogId=goodnamwon&logNo=223734511577&categoryNo=21&parentCategoryNo=&from=thumbnailList,남원소식
"1월 HOT한 남원뉴스! 2025년 1월-2호
2025. 1. 21.
댓글수
0",2025. 1. 21.,https://blog.naver.com/PostView.naver?blogId=goodnamwon&logNo=223733055624&categoryNo=21&parentCategoryNo=&from=thumbnailList,남원소식
"[EVENT] 남원누리시민증 발급받고, 2025 새해 소망 남기고 추첨을 통한 경품도...
2025. 1. 20.
댓글수
11",2025. 1. 20.,https://blog.naver.com/PostView.naver?blogId=goodnamwon&logNo=223731785005&categoryNo=21&parentCategoryNo=&from=thumbnailList,남원소식
"남원시 고향사랑기부제 N0번째 기부자를 찾습니다! 500번째 기부자 3만원 상당 답례...
2025. 1. 20.
댓글수
0",2025. 1. 20.,https://blog.naver.com/PostView.naver?blogId=goodnamwon&logNo=223731654536&categoryNo=21&parentCategoryNo=&from=thumbnailList,남원소식
"남원보건소 신규 시책 신설, 올해 도내 유일 ‘제1형 당뇨병환자 지원 사업’ 추진
2025. 1. 20.
댓글수
0",2025. 1. 20.,https://blog.naver.com/PostView.naver?blogId=goodnamwon&logNo=223731297277&categoryNo=21&parentCategoryNo=&from=thumbnailList,남원소식
"2025년 남원시가 이렇게 달라집니다! #3편
2025. 1. 17.
댓글수
2",2025. 1. 17.,https://blog.naver.com/PostView.naver?blogId=goodnamwon&logNo=223728797393&categoryNo=21&parentCategoryNo=&from=thumbnailList,남원소식
"2025 남원시 시민안전보험 안내
2025. 1. 17.
댓글수
1",2025. 1. 17.,https://blog.naver.com/PostView.naver?blogId=goodnamwon&logNo=223728546267&categoryNo=21&parentCategoryNo=&from=thumbnailList,남원소식
"2025년 남원시가 이렇게 달라집니다! #2편
2025. 1. 16.
댓글수
5",2025. 1. 16.,https://blog.naver.com/PostView.naver?blogId=goodnamwon&logNo=223727972222&categoryNo=21&parentCategoryNo=&from=thumbnailList,남원소식
"남원시, 2025년 시민공감 열린대화 추진
2025. 1. 16.
댓글수
0",2025. 1. 16.,https://blog.naver.com/PostView.naver?blogId=goodnamwon&logNo=223727467708&categoryNo=21&parentCategoryNo=&from=thumbnailList,남원소식
"2025년 남원시가 이렇게 달라집니다! #1편
2025. 1. 15.
댓글수
2",2025. 1. 15.,https://blog.naver.com/PostView.naver?blogId=goodnamwon&logNo=223726938091&categoryNo=21&parentCategoryNo=&from=thumbnailList,남원소식
"2025년 새해, 남원시가 이렇게 달라집니다!
2025. 1. 15.
댓글수
0",2025. 1. 15.,https://blog.naver.com/PostView.naver?blogId=goodnamwon&logNo=223726909498&categoryNo=21&parentCategoryNo=&from=thumbnailList,남원소식
"남원시, 시민의 일상 안정화를 위한 '민생회복'과 '국립기관 유치' 방점
2025. 1. 14.
댓글수
1",2025. 1. 14.,https://blog.naver.com/PostView.naver?blogId=goodnamwon&logNo=223725463486&categoryNo=21&parentCategoryNo=&from=thumbnailList,남원소식
"제2중앙경찰학교 남원시 유치를 희망합니다🎈
2025. 1. 14.
댓글수
0",2025. 1. 14.,https://blog.naver.com/PostView.naver?blogId=goodnamwon&logNo=223725448937&categoryNo=21&parentCategoryNo=&from=thumbnailList,남원소식
"2025 건강 한 걸음! 신체활동 챌린지
2025. 1. 13.
댓글수
0",2025. 1. 13.,https://blog.naver.com/PostView.naver?blogId=goodnamwon&logNo=223724452759&categoryNo=21&parentCategoryNo=&from=thumbnailList,남원소식
"백두대간 생태교육장 전시관 “세계 절지동물 특별기획전” 개최
2025. 1. 10.
댓글수
1",2025. 1. 10.,https://blog.naver.com/PostView.naver?blogId=goodnamwon&logNo=223721856669&categoryNo=21&parentCategoryNo=&from=thumbnailList,남원소식
"남원시 인증 5대 맛집 '남원미식' 선정!
2025. 1. 10.
댓글수
5",2025. 1. 10.,https://blog.naver.com/PostView.naver?blogId=goodnamwon&logNo=223721838325&categoryNo=21&parentCategoryNo=&from=thumbnailList,남원소식
"1월 HOT한 남원뉴스! 2025년 1월-1호
2025. 1. 10.
댓글수
2",2025. 1. 10.,https://blog.naver.com/PostView.naver?blogId=goodnamwon&logNo=223721649955&categoryNo=21&parentCategoryNo=&from=thumbnailList,남원소식
"2025학년도 전북대학교 지역산업학과 신ㆍ편입생을 모집합니다!
2025. 1. 10.
댓글수
0",2025. 1. 10.,https://blog.naver.com/PostView.naver?blogId=goodnamwon&logNo=223721577430&categoryNo=21&parentCategoryNo=&from=thumbnailList,남원소식
"2025 벼 재배면적 조정제를 실시합니다!🌾
2025. 1. 10.
댓글수
0",2025. 1. 10.,https://blog.naver.com/PostView.naver?blogId=goodnamwon&logNo=223721279991&categoryNo=21&parentCategoryNo=&from=thumbnailList,남원소식
"설 명절엔 공감마켓으로 마음을 전하세요❤
2025. 1. 9.
댓글수
1",2025. 1. 9.,https://blog.naver.com/PostView.naver?blogId=goodnamwon&logNo=223720316813&categoryNo=21&parentCategoryNo=&from=thumbnailList,남원소식
"남원시, 전 시민 민생안정지원금 30만원 지급
2025. 1. 8.
댓글수
1",2025. 1. 8.,https://blog.naver.com/PostView.naver?blogId=goodnamwon&logNo=223719065273&categoryNo=21&parentCategoryNo=&from=thumbnailList,남원소식
"1월 한 달간 카드ㆍ모바일 남원사랑상품권 설맞이 확대 운영 안내
2025. 1. 8.
댓글수
0",2025. 1. 8.,https://blog.naver.com/PostView.naver?blogId=goodnamwon&logNo=223719041173&categoryNo=21&parentCategoryNo=&from=thumbnailList,남원소식
"2025 남원 SNS 서포터즈 모집ㆍ활동안내 (~1월19일까지 모집)
2025. 1. 8.
댓글수
4",2025. 1. 8.,https://blog.naver.com/PostView.naver?blogId=goodnamwon&logNo=223718837179&categoryNo=21&parentCategoryNo=&from=thumbnailList,남원소식
"1인당 20만원! '남원시 입영지원금' 입영(소집)전일까지 신청하세요
2025. 1. 8.
댓글수
0",2025. 1. 8.,https://blog.naver.com/PostView.naver?blogId=goodnamwon&logNo=223718829050&categoryNo=21&parentCategoryNo=&from=thumbnailList,남원소식
"겨울철 대설 대비 이렇게 행동하세요!
2025. 1. 7.
댓글수
1",2025. 1. 7.,https://blog.naver.com/PostView.naver?blogId=goodnamwon&logNo=223717436419&categoryNo=21&parentCategoryNo=&from=thumbnailList,남원소식
"겨울철 한파 대비 이렇게 행동하세요!
2025. 1. 7.
댓글수
1",2025. 1. 7.,https://blog.naver.com/PostView.naver?blogId=goodnamwon&logNo=223717413544&categoryNo=21&parentCategoryNo=&from=thumbnailList,남원소식
"'민생 최우선’ 남원시, 2025년도 상수도 요금 인상 유예
2025. 1. 6.
댓글수
2",2025. 1. 6.,https://blog.naver.com/PostView.naver?blogId=goodnamwon&logNo=223716089932&categoryNo=21&parentCategoryNo=&from=thumbnailList,남원소식
"2025년 을사년, 새해 복 많이 받으시길 바랍니다!
2025. 1. 6.
댓글수
0",2025. 1. 6.,https://blog.naver.com/PostView.naver?blogId=goodnamwon&logNo=223715996247&categoryNo=21&parentCategoryNo=&from=thumbnailList,남원소식
"[춘향찰칵] 제11회 지리산 바래봉 눈꽃축제 현장!
2025. 1. 13.
댓글수
3",2025. 1. 13.,https://blog.naver.com/PostView.naver?blogId=goodnamwon&logNo=223724598485&categoryNo=19&parentCategoryNo=&from=thumbnailList,남원여행
"남원 가볼 만한 곳! 함파우소리체험관의 특별한 매력을 소개합니다
2025. 1. 9.
댓글수
0",2025. 1. 9.,https://blog.naver.com/PostView.naver?blogId=goodnamwon&logNo=223720053545&categoryNo=19&parentCategoryNo=&from=thumbnailList,남원여행
"남원시 청년 (19~45세) 주거 정착지원사업 참여자를 모집합니다.
2025. 1. 24.
댓글수
0",2025. 1. 24.,https://blog.naver.com/PostView.naver?blogId=goodnamwon&logNo=223736757118&categoryNo=21&parentCategoryNo=&from=thumbnailList,남원소식
"남원시공공도서관과 지역서점이 함께하는 '책값 돌려주기' (2025년 1월 ~ 예산 소...
2025. 1. 24.
댓글수
0",2025. 1. 24.,https://blog.naver.com/PostView.naver?blogId=goodnamwon&logNo=223736754206&categoryNo=21&parentCategoryNo=&from=thumbnailList,남원소식
"설날 연휴 여행지 남원차트 TOP 10 🚘
2025. 1. 24.
댓글수
2",2025. 1. 24.,https://blog.naver.com/PostView.naver?blogId=goodnamwon&logNo=223736750002&categoryNo=21&parentCategoryNo=&from=thumbnailList,남원소식
"남원 광한루원·남원관광지 ‘2025~2026 한국관광 100선’ 선정🎉
2025. 1. 24.
댓글수
0",2025. 1. 24.,https://blog.naver.com/PostView.naver?blogId=goodnamwon&logNo=223736738808&categoryNo=21&parentCategoryNo=&from=thumbnailList,남원소식
"‘남원시 인증 5대 맛집’현판 제막식
2025. 1. 24.
댓글수
11",2025. 1. 24.,https://blog.naver.com/PostView.naver?blogId=goodnamwon&logNo=223736340234&categoryNo=21&parentCategoryNo=&from=thumbnailList,남원소식
"2025년 을사년 새해 복 많이 받으세요! 남원 시장 설날 인사
2025. 1. 24.
댓글수
1",2025. 1. 24.,https://blog.naver.com/PostView.naver?blogId=goodnamwon&logNo=223736133125&categoryNo=21&parentCategoryNo=&from=thumbnailList,남원소식
"2025 남원시 설날 연휴 종합안내｜즐겁고 건강한 설날 보내세요!
2025. 1. 22.
댓글수
0",2025. 1. 22.,https://blog.naver.com/PostView.naver?blogId=goodnamwon&logNo=223734530323&categoryNo=21&parentCategoryNo=&from=thumbnailList,남원소식
"남원시립김병종미술관 '낯익은 도시, 낯선 이야기' 전시 안내
2025. 1. 22.
댓글수
0",2025. 1. 22.,https://blog.naver.com/PostView.naver?blogId=goodnamwon&logNo=223734511577&categoryNo=21&parentCategoryNo=&from=thumbnailList,남원소식
"1월 HOT한 남원뉴스! 2025년 1월-2호
2025. 1. 21.
댓글수
0",2025. 1. 21.,https://blog.naver.com/PostView.naver?blogId=goodnamwon&logNo=223733055624&categoryNo=21&parentCategoryNo=&from=thumbnailList,남원소식
"[EVENT] 남원누리시민증 발급받고, 2025 새해 소망 남기고 추첨을 통한 경품도...
2025. 1. 20.
댓글수
11",2025. 1. 20.,https://blog.naver.com/PostView.naver?blogId=goodnamwon&logNo=223731785005&categoryNo=21&parentCategoryNo=&from=thumbnailList,남원소식
"남원시 고향사랑기부제 N0번째 기부자를 찾습니다! 500번째 기부자 3만원 상당 답례...
2025. 1. 20.
댓글수
0",2025. 1. 20.,https://blog.naver.com/PostView.naver?blogId=goodnamwon&logNo=223731654536&categoryNo=21&parentCategoryNo=&from=thumbnailList,남원소식
"남원보건소 신규 시책 신설, 올해 도내 유일 ‘제1형 당뇨병환자 지원 사업’ 추진
2025. 1. 20.
댓글수
0",2025. 1. 20.,https://blog.naver.com/PostView.naver?blogId=goodnamwon&logNo=223731297277&categoryNo=21&parentCategoryNo=&from=thumbnailList,남원소식
"2025년 남원시가 이렇게 달라집니다! #3편
2025. 1. 17.
댓글수
2",2025. 1. 17.,https://blog.naver.com/PostView.naver?blogId=goodnamwon&logNo=223728797393&categoryNo=21&parentCategoryNo=&from=thumbnailList,남원소식
"2025 남원시 시민안전보험 안내
2025. 1. 17.
댓글수
1",2025. 1. 17.,https://blog.naver.com/PostView.naver?blogId=goodnamwon&logNo=223728546267&categoryNo=21&parentCategoryNo=&from=thumbnailList,남원소식
"2025년 남원시가 이렇게 달라집니다! #2편
2025. 1. 16.
댓글수
5",2025. 1. 16.,https://blog.naver.com/PostView.naver?blogId=goodnamwon&logNo=223727972222&categoryNo=21&parentCategoryNo=&from=thumbnailList,남원소식
"남원시, 2025년 시민공감 열린대화 추진
2025. 1. 16.
댓글수
0",2025. 1. 16.,https://blog.naver.com/PostView.naver?blogId=goodnamwon&logNo=223727467708&categoryNo=21&parentCategoryNo=&from=thumbnailList,남원소식
"2025년 남원시가 이렇게 달라집니다! #1편
2025. 1. 15.
댓글수
2",2025. 1. 15.,https://blog.naver.com/PostView.naver?blogId=goodnamwon&logNo=223726938091&categoryNo=21&parentCategoryNo=&from=thumbnailList,남원소식
"2025년 새해, 남원시가 이렇게 달라집니다!
2025. 1. 15.
댓글수
0",2025. 1. 15.,https://blog.naver.com/PostView.naver?blogId=goodnamwon&logNo=223726909498&categoryNo=21&parentCategoryNo=&from=thumbnailList,남원소식
"남원시, 시민의 일상 안정화를 위한 '민생회복'과 '국립기관 유치' 방점
2025. 1. 14.
댓글수
1",2025. 1. 14.,https://blog.naver.com/PostView.naver?blogId=goodnamwon&logNo=223725463486&categoryNo=21&parentCategoryNo=&from=thumbnailList,남원소식
"제2중앙경찰학교 남원시 유치를 희망합니다🎈
2025. 1. 14.
댓글수
0",2025. 1. 14.,https://blog.naver.com/PostView.naver?blogId=goodnamwon&logNo=223725448937&categoryNo=21&parentCategoryNo=&from=thumbnailList,남원소식
"2025 건강 한 걸음! 신체활동 챌린지
2025. 1. 13.
댓글수
0",2025. 1. 13.,https://blog.naver.com/PostView.naver?blogId=goodnamwon&logNo=223724452759&categoryNo=21&parentCategoryNo=&from=thumbnailList,남원소식
"백두대간 생태교육장 전시관 “세계 절지동물 특별기획전” 개최
2025. 1. 10.
댓글수
1",2025. 1. 10.,https://blog.naver.com/PostView.naver?blogId=goodnamwon&logNo=223721856669&categoryNo=21&parentCategoryNo=&from=thumbnailList,남원소식
"남원시 인증 5대 맛집 '남원미식' 선정!
2025. 1. 10.
댓글수
5",2025. 1. 10.,https://blog.naver.com/PostView.naver?blogId=goodnamwon&logNo=223721838325&categoryNo=21&parentCategoryNo=&from=thumbnailList,남원소식
"1월 HOT한 남원뉴스! 2025년 1월-1호
2025. 1. 10.
댓글수
2",2025. 1. 10.,https://blog.naver.com/PostView.naver?blogId=goodnamwon&logNo=223721649955&categoryNo=21&parentCategoryNo=&from=thumbnailList,남원소식
"2025학년도 전북대학교 지역산업학과 신ㆍ편입생을 모집합니다!
2025. 1. 10.
댓글수
0",2025. 1. 10.,https://blog.naver.com/PostView.naver?blogId=goodnamwon&logNo=223721577430&categoryNo=21&parentCategoryNo=&from=thumbnailList,남원소식
"2025 벼 재배면적 조정제를 실시합니다!🌾
2025. 1. 10.
댓글수
0",2025. 1. 10.,https://blog.naver.com/PostView.naver?blogId=goodnamwon&logNo=223721279991&categoryNo=21&parentCategoryNo=&from=thumbnailList,남원소식
"설 명절엔 공감마켓으로 마음을 전하세요❤
2025. 1. 9.
댓글수
1",2025. 1. 9.,https://blog.naver.com/PostView.naver?blogId=goodnamwon&logNo=223720316813&categoryNo=21&parentCategoryNo=&from=thumbnailList,남원소식
"남원시, 전 시민 민생안정지원금 30만원 지급
2025. 1. 8.
댓글수
1",2025. 1. 8.,https://blog.naver.com/PostView.naver?blogId=goodnamwon&logNo=223719065273&categoryNo=21&parentCategoryNo=&from=thumbnailList,남원소식
"1월 한 달간 카드ㆍ모바일 남원사랑상품권 설맞이 확대 운영 안내
2025. 1. 8.
댓글수
0",2025. 1. 8.,https://blog.naver.com/PostView.naver?blogId=goodnamwon&logNo=223719041173&categoryNo=21&parentCategoryNo=&from=thumbnailList,남원소식
"2025 남원 SNS 서포터즈 모집ㆍ활동안내 (~1월19일까지 모집)
2025. 1. 8.
댓글수
4",2025. 1. 8.,https://blog.naver.com/PostView.naver?blogId=goodnamwon&logNo=223718837179&categoryNo=21&parentCategoryNo=&from=thumbnailList,남원소식
"1인당 20만원! '남원시 입영지원금' 입영(소집)전일까지 신청하세요
2025. 1. 8.
댓글수
0",2025. 1. 8.,https://blog.naver.com/PostView.naver?blogId=goodnamwon&logNo=223718829050&categoryNo=21&parentCategoryNo=&from=thumbnailList,남원소식
"겨울철 대설 대비 이렇게 행동하세요!
2025. 1. 7.
댓글수
1",2025. 1. 7.,https://blog.naver.com/PostView.naver?blogId=goodnamwon&logNo=223717436419&categoryNo=21&parentCategoryNo=&from=thumbnailList,남원소식
"겨울철 한파 대비 이렇게 행동하세요!
2025. 1. 7.
댓글수
1",2025. 1. 7.,https://blog.naver.com/PostView.naver?blogId=goodnamwon&logNo=223717413544&categoryNo=21&parentCategoryNo=&from=thumbnailList,남원소식
"'민생 최우선’ 남원시, 2025년도 상수도 요금 인상 유예
2025. 1. 6.
댓글수
2",2025. 1. 6.,https://blog.naver.com/PostView.naver?blogId=goodnamwon&logNo=223716089932&categoryNo=21&parentCategoryNo=&from=thumbnailList,남원소식
"2025년 을사년, 새해 복 많이 받으시길 바랍니다!
2025. 1. 6.
댓글수
0",2025. 1. 6.,https://blog.naver.com/PostView.naver?blogId=goodnamwon&logNo=223715996247&categoryNo=21&parentCategoryNo=&from=thumbnailList,남원소식
"[춘향찰칵] 제11회 지리산 바래봉 눈꽃축제 현장!
2025. 1. 13.
댓글수
3",2025. 1. 13.,https://blog.naver.com/PostView.naver?blogId=goodnamwon&logNo=223724598485&categoryNo=19&parentCategoryNo=&from=thumbnailList,남원여행
"남원 가볼 만한 곳! 함파우소리체험관의 특별한 매력을 소개합니다
2025. 1. 9.
댓글수
0",2025. 1. 9.,https://blog.naver.com/PostView.naver?blogId=goodnamwon&logNo=223720053545&categoryNo=19&parentCategoryNo=&from=thumbnailList,남원여행
"제95회 남원 춘향제, 이번에는 전국의 대학생들이 홍보 메신저!
2025. 2. 28.
댓글수
1",2025. 2. 28.,https://blog.naver.com/PostView.naver?blogId=goodnamwon&logNo=223778350243&categoryNo=21&parentCategoryNo=&from=thumbnailList,남원소식
"남원시 민생안정지원금, ‘경제적 승수 효과’위해 사용처 대폭 확대
2025. 2. 28.
댓글수
1",2025. 2. 28.,https://blog.naver.com/PostView.naver?blogId=goodnamwon&logNo=223778323120&categoryNo=21&parentCategoryNo=&from=thumbnailList,남원소식
"'풍ROCK을 울려라!' 2025 제95회 전국밴드경연대회 안내
2025. 2. 27.
댓글수
0",2025. 2. 27.,https://blog.naver.com/PostView.naver?blogId=goodnamwon&logNo=223776638849&categoryNo=21&parentCategoryNo=&from=thumbnailList,남원소식
"남원시청 목요 야간 민원실 운영 안내
2025. 2. 27.
댓글수
0",2025. 2. 27.,https://blog.naver.com/PostView.naver?blogId=goodnamwon&logNo=223776600514&categoryNo=21&parentCategoryNo=&from=thumbnailList,남원소식
"제9회 글로벌 시니어춘향 선발대회 개최 안내
2025. 2. 27.
댓글수
0",2025. 2. 27.,https://blog.naver.com/PostView.naver?blogId=goodnamwon&logNo=223776096177&categoryNo=21&parentCategoryNo=&from=thumbnailList,남원소식
"제106주년 3·1절 기념행사 및 재현행사 안내
2025. 2. 26.
댓글수
0",2025. 2. 26.,https://blog.naver.com/PostView.naver?blogId=goodnamwon&logNo=223768842719&categoryNo=21&parentCategoryNo=&from=thumbnailList,남원소식
"춘향제 기간동안 쇼핑도 축제처럼!춘향제 기간동안 3만원 이상의 상품 구매고객에게 경품...
2025. 2. 25.
댓글수
1",2025. 2. 25.,https://blog.naver.com/PostView.naver?blogId=goodnamwon&logNo=223772074232&categoryNo=21&parentCategoryNo=&from=thumbnailList,남원소식
"김관영지사, 남원시 방문 시민 목소리 경청
2025. 2. 25.
댓글수
0",2025. 2. 25.,https://blog.naver.com/PostView.naver?blogId=goodnamwon&logNo=223772065203&categoryNo=21&parentCategoryNo=&from=thumbnailList,남원소식
"[남원뷰틔설화 : 백향뎐] 춘향이의 미모비결 팝업 장터 OPEN📢
2025. 2. 21.
댓글수
0",2025. 2. 21.,https://blog.naver.com/PostView.naver?blogId=goodnamwon&logNo=223768778415&categoryNo=21&parentCategoryNo=&from=thumbnailList,남원소식
"2025 평생교육 프로그램 수강생 모집 안내
2025. 2. 21.
댓글수
0",2025. 2. 21.,https://blog.naver.com/PostView.naver?blogId=goodnamwon&logNo=223768748341&categoryNo=21&parentCategoryNo=&from=thumbnailList,남원소식
"남원항공우주천문대 천체투영관 4D영상관 재개장
2025. 2. 21.
댓글수
0",2025. 2. 21.,https://blog.naver.com/PostView.naver?blogId=goodnamwon&logNo=223768747392&categoryNo=21&parentCategoryNo=&from=thumbnailList,남원소식
"원도심 공영주차장 유료화 시행 안내
2025. 2. 20.
댓글수
0",2025. 2. 20.,https://blog.naver.com/PostView.naver?blogId=goodnamwon&logNo=223767499369&categoryNo=21&parentCategoryNo=&from=thumbnailList,남원소식
"2월 HOT한 남원뉴스! 2025년 2월-2호
2025. 2. 20.
댓글수
0",2025. 2. 20.,https://blog.naver.com/PostView.naver?blogId=goodnamwon&logNo=223767484297&categoryNo=21&parentCategoryNo=&from=thumbnailList,남원소식
"남원에서 펼쳐지는 백종원의 레미제라블 최후의 결전!
2025. 2. 20.
댓글수
0",2025. 2. 20.,https://blog.naver.com/PostView.naver?blogId=goodnamwon&logNo=223767292994&categoryNo=21&parentCategoryNo=&from=thumbnailList,남원소식
"2027년 착공 예정! 남원교도소 신축사업 순항중
2025. 2. 19.
댓글수
2",2025. 2. 19.,https://blog.naver.com/PostView.naver?blogId=goodnamwon&logNo=223766299868&categoryNo=21&parentCategoryNo=&from=thumbnailList,남원소식
"남원시민이라면 누구나! 자전거보험 혜택 받으세요!
2025. 2. 18.
댓글수
0",2025. 2. 18.,https://blog.naver.com/PostView.naver?blogId=goodnamwon&logNo=223764816246&categoryNo=21&parentCategoryNo=&from=thumbnailList,남원소식
"온남원공동체 공모사업 참여 공동체 모집 안내
2025. 2. 17.
댓글수
0",2025. 2. 17.,https://blog.naver.com/PostView.naver?blogId=goodnamwon&logNo=223760714131&categoryNo=21&parentCategoryNo=&from=thumbnailList,남원소식
"'마약이 없어, 만약이 있다!' 마약류 오남용 예방 캠페인 안내
2025. 2. 14.
댓글수
0",2025. 2. 14.,https://blog.naver.com/PostView.naver?blogId=goodnamwon&logNo=223760696776&categoryNo=21&parentCategoryNo=&from=thumbnailList,남원소식
"남원시 모바일 주민등록증발급 안내
2025. 2. 13.
댓글수
1",2025. 2. 13.,https://blog.naver.com/PostView.naver?blogId=goodnamwon&logNo=223759436445&categoryNo=21&parentCategoryNo=&from=thumbnailList,남원소식
"남원시 벼 재배면적 조정제 안내
2025. 2. 10.
댓글수
0",2025. 2. 10.,https://blog.naver.com/PostView.naver?blogId=goodnamwon&logNo=223755364313&categoryNo=21&parentCategoryNo=&from=thumbnailList,남원소식
"남원시 「제4회 대한민국 청소년 안전캠프」 유치
2025. 2. 7.
댓글수
1",2025. 2. 7.,https://blog.naver.com/PostView.naver?blogId=goodnamwon&logNo=223751589569&categoryNo=21&parentCategoryNo=&from=thumbnailList,남원소식
"남원시, 달빛어린이병원 국비 확보 쾌거!
2025. 2. 7.
댓글수
1",2025. 2. 7.,https://blog.naver.com/PostView.naver?blogId=goodnamwon&logNo=223751560966&categoryNo=21&parentCategoryNo=&from=thumbnailList,남원소식
"모두의 한계를 넘어, 새로운 조화 2036 하계올림픽 전북 유치 기원
2025. 2. 7.
댓글수
1",2025. 2. 7.,https://blog.naver.com/PostView.naver?blogId=goodnamwon&logNo=223751476241&categoryNo=21&parentCategoryNo=&from=thumbnailList,남원소식
"남원시 ❄대설주의보❄ 발령📣 대설 대비요령 안내
2025. 2. 7.
댓글수
1",2025. 2. 7.,https://blog.naver.com/PostView.naver?blogId=goodnamwon&logNo=223751121990&categoryNo=21&parentCategoryNo=&from=thumbnailList,남원소식
"2월 HOT한 남원뉴스! 2025년 2월-1호
2025. 2. 6.
댓글수
1",2025. 2. 6.,https://blog.naver.com/PostView.naver?blogId=goodnamwon&logNo=223750050157&categoryNo=21&parentCategoryNo=&from=thumbnailList,남원소식
"[당첨자 발표] 남원누리시민증 발급받고, 2025 새해 소망 남기고 추첨을 통한 경품...
2025. 2. 6.
댓글수
0",2025. 2. 6.,https://blog.naver.com/PostView.naver?blogId=goodnamwon&logNo=223749864914&categoryNo=21&parentCategoryNo=&from=thumbnailList,남원소식
"2025년 2월 남원시 정책달력
2025. 2. 5.
댓글수
0",2025. 2. 5.,https://blog.naver.com/PostView.naver?blogId=goodnamwon&logNo=223748577544&categoryNo=21&parentCategoryNo=&from=thumbnailList,남원소식
"2025 학생·청소년을 위한 무료국악 체험 수강생모집 안내
2025. 2. 4.
댓글수
0",2025. 2. 4.,https://blog.naver.com/PostView.naver?blogId=goodnamwon&logNo=223747528583&categoryNo=21&parentCategoryNo=&from=thumbnailList,남원소식
"2025년 소프트웨어(SW) 전북 미래 채움 신규 강사 양성과정 교육생 모집 안내
2025. 2. 4.
댓글수
1",2025. 2. 4.,https://blog.naver.com/PostView.naver?blogId=goodnamwon&logNo=223747526227&categoryNo=21&parentCategoryNo=&from=thumbnailList,남원소식
"남원시 ❄한파주의보❄ 발령📣 한파 대비요령 안내
2025. 2. 3.
댓글수
1",2025. 2. 3.,https://blog.naver.com/PostView.naver?blogId=goodnamwon&logNo=223746160035&categoryNo=21&parentCategoryNo=&from=thumbnailList,남원소식
"데이트하기 좋은 남원 카페, 팽나무 카페에서 야경 즐기기
2025. 2. 27.
댓글수
0",2025. 2. 27.,https://blog.naver.com/PostView.naver?blogId=goodnamwon&logNo=223774880669&categoryNo=19&parentCategoryNo=&from=thumbnailList,남원여행
"[춘향찰칵] 눈 내린 기찻길 서도역 설경
2025. 2. 10.
댓글수
1",2025. 2. 10.,https://blog.naver.com/PostView.naver?blogId=goodnamwon&logNo=223755520105&categoryNo=19&parentCategoryNo=&from=thumbnailList,남원여행
"[춘향찰칵] 그림같은 풍경 남원 서어나무숲 설경
2025. 2. 10.
댓글수
0",2025. 2. 10.,https://blog.naver.com/PostView.naver?blogId=goodnamwon&logNo=223755468114&categoryNo=19&parentCategoryNo=&from=thumbnailList,남원여행
"제37회 지리산 뱀사골 고로쇠 약수 축제 안내
2025. 2. 28.
댓글수
0",2025. 2. 28.,https://blog.naver.com/PostView.naver?blogId=goodnamwon&logNo=223778272742&categoryNo=6&parentCategoryNo=&from=thumbnailList,남원문화
"내 꿈은 시니어 춘향! 제9회 글로벌 시니어 춘향 선발대회 안내
2025. 2. 28.
댓글수
0",2025. 2. 28.,https://blog.naver.com/PostView.naver?blogId=goodnamwon&logNo=223778250235&categoryNo=6&parentCategoryNo=&from=thumbnailList,남원문화
"남원시 제95회 춘향제 글로벌춘향선발대회 참가자 접수 안내
2025. 2. 14.
댓글수
1",2025. 2. 14.,https://blog.naver.com/PostView.naver?blogId=goodnamwon&logNo=223760519087&categoryNo=6&parentCategoryNo=&from=thumbnailList,남원문화
"2025 제95회 전국밴드경연대회 ' 풍ROCK을 울려라' 예선참가신청 안내
2025. 2. 14.
댓글수
0",2025. 2. 14.,https://blog.naver.com/PostView.naver?blogId=goodnamwon&logNo=223760299453&categoryNo=6&parentCategoryNo=&from=thumbnailList,남원문화
"제95회 청춘예인 선발대회 '스피릿 춘향, 몽룡 파이터' 예선참가신청 안내
2025. 2. 13.
댓글수
0",2025. 2. 13.,https://blog.naver.com/PostView.naver?blogId=goodnamwon&logNo=223759055884&categoryNo=6&parentCategoryNo=&from=thumbnailList,남원문화
"춘향가의 고장 남원에서 펼쳐지는 제95회 춘향제 행사 안내
2025. 2. 12.
댓글수
1",2025. 2. 12.,https://blog.naver.com/PostView.naver?blogId=goodnamwon&logNo=223758099467&categoryNo=6&parentCategoryNo=&from=thumbnailList,남원문화
"남원에서 정월대보름 보낸다면?｜2025년 정월대보름 달집태우기 행사🌕
2025. 2. 7.
댓글수
3",2025. 2. 7.,https://blog.naver.com/PostView.naver?blogId=goodnamwon&logNo=223750882302&categoryNo=6&parentCategoryNo=&from=thumbnailList,남원문화
"2월 남원 #문화소식 달력📅
2025. 2. 4.
댓글수
1",2025. 2. 4.,https://blog.naver.com/PostView.naver?blogId=goodnamwon&logNo=223747593013&categoryNo=6&parentCategoryNo=&from=thumbnailList,남원문화
