title,date
"웰컴복지재단, 웰컴저축은행과 초등학생 대상 금융교육 진행",18시간 전
"금감원, 저축은행 등 중소금융사…부실자산 신속 정리 당부",21시간 전
저축은행 예대금리차 8.58%p vs 은행권 대출금리 인하…투자환경 다변화 가속 [AI 프리즘*금융상품 투자자 뉴스],1일 전
"OK금융, 상상인저축은행 인수 위해 '대부업 지우기' 안간힘 [넘버스]",1일 전
"PF 사업장, 42% 사려는 사람 없어… 과반이 저축은행·새마을금고",1일 전
"서민 급전수요도 옥죈다···저축은행, 소액신용대출 잔액 축소",18시간 전
"""고금리는 옛말""…시중은행 이어 저축은행도 '2%대 예금' 목전",5시간 전
[단독] 회추위 첫 회의 연 저축은행중앙회 … 후보 공모작업 본격 착수,45분 전
저축은행 법률 연구 본격화…'상호저축은행법학회' 4월 2일 창립총회 연다,1일 전
저축은행 연체 '9조'… PF 정리 수순에 건설업계 '벌벌' - 머니S,2시간 전
거세지는 ‘부실PF 정리’ 압박···소형 저축은행도 금감원 검사 받는다,2일 전
금융권 격전지 된 모임통장…저축은행도 ‘군침’,52분 전
"SBI저축은행, KLPGA 기대주 조혜지 프로 후원",17시간 전
"웰컴저축은행, 복지재단과 초등생 대상 금융교육 진행",1시간 전
"금감원·예보, 'PF 부실' 저축은행 공동검사",2일 전
저축은행 예금 금리 인하에 중금리 대출 규모 ↑… “자금 조달에도 이상무”,1일 전
"SBI저축은행, KLPGA 조혜지2 프로와 후원 계약 체결",21시간 전
"SBI저축은행, KLPGA 조혜지2 프로 후원 계약",18시간 전
"SBI저축은행, KLPGA 정규투어 조혜지2 프로 후원",18시간 전
"웰컴복지재단-웰컴저축은행, 초등학생 대상 금융교육 실시",18시간 전
"SBI저축은행, KLPGA 기대주 조혜지2 프로 후원 계약",17시간 전
"SBI저축은행, 조혜지2 프로 후원 협약 체결…“최정상 선수로 성장 지원”",18시간 전
"""건강한 금융습관 들일 수 있도록"" … 웰컴저축은행, 초등생 '눈높이' 금융교육",18시간 전
"웰컴복지재단, 월컴저축은행과 초등생 대상 금융 교육",18시간 전
봄배구 조기 탈락 GS칼텍스-페퍼저축은행…막판까지 ‘탈꼴찌’ 경쟁,1일 전
저축은행 PF여신 위법·부당행위 발견시 곧바로 제재,2일 전
"금감원, PF 정리 미루는 안국저축은행에 ‘경영유의’ 조치 - 조선비즈",1일 전
"KLPGA 기대주 조혜지2 프로, SBI저축은행 골프단 합류",19시간 전
"금감원·예보, 저축은행 PF대출 공동검사… “내부통제 점검” - 조선비즈",2일 전
"금감원·예보, ‘PF 부실’ 저축은행 상반기 중 공동검사",2일 전
"SBI저축은행, KLPGA 기대주 조혜지 프로와 후원 계약",17시간 전
"금감원-예보, 저축은행 공동검사…PF 여신 프로세스 점검",4일 전
"SBI저축은행, KLPGA 기대주 조혜지2 프로와 후원 계약",18시간 전
"금감원·예보, 저축은행 PF 여신 적정성 상반기 집중 점검",2일 전
"금감원·예금보험공사, 'PF 부실' 저축은행 공동검사",2일 전
"금감원, 안국저축은행 기관경고 중징계",2일 전
"중금리 대출 확대, 과연 득일까?… “실제 적용 금리 따져봐야”",16시간 전
"금감원, 올해 저축은행·상호금융 등 건전성 일 단위 점검…“취약사 선제 관리”",21시간 전
"금감원-예보, 저축은행 PF여신 공동검사…내부통제·유동성 점검",2일 전
"금감원·예금보험공사, 소형 저축은행까지 PF 대출 공동검사",2일 전
"금감원·예금보험공사, 저축은행 PF 여신 프로세스 공동검사 나서",2일 전
쏠쏠하던 저축은행 파킹통장 너마저…다시 금리 찾아 삼만리,3일 전
"웰컴저축은행, 강릉인비테이셔널 국제컬링대회 후원",5분 전
"기업은행, ‘중기근로자 휴가지원 사업’ 참여기업 모집",45분 전
"저축은행, 파킹통장 금리 일주일 새 2.0%p '뚝'",1일 전
"금감원·예보, 저축은행 PF 여신 프로세스 점검…상반기 공동검사",2일 전
"업계 최상위 SBI·OK저축은행, '수익성 확대' 과제",1일 전
"'악재 겹겹' 라온·안국 저축은행, 저신용 대출 경쟁·금융당국 압박 이겨낼까",1일 전
"[기준금리 2%시대] 저축은행, 수익·건전성 개선되나",1일 전
"금감원·예보, ′PF 부실′ 저축은행 공동검사",2일 전
"SBI저축은행, KLPGA 유망주 조혜지2 후원",24시간 전
"금감원·예보, 저축은행 PF대출 공동검사",2일 전
체크카드·모임통장 집중하는 저축은행...수신자금 확보에 최고,2일 전
"금감원·예보, 상반기 중 저축은행 대상 ‘PF 대출’ 공동검사",2일 전
"금감원, 예보와 저축은행 PF 여신 공동 검사 실시",3일 전
저축은행 사태 해결의 중심에서,2025. 1. 5.
사용 패턴 따라 홈 화면 구성… 생활 밀착형 금융 플랫폼,1일 전
"금감원·예보, 상반기 저축은행 검사…PF 여신 프로세스 점검",2일 전
"금감원·예보, 저축은행의 PF 여신 프로세스 들여다본다 |",2일 전
"OK금융, 상상인저축은행 인수 위해 '대부업 지우기' 안간힘",1일 전
"금감원-예보, 상반기 저축은행 공동검사…PF 여신 프로세스 점검",2일 전
"금감원·예보, 저축銀 PF대출 공동검사…""내부통제 전반 점검""",2일 전
"2금융권 연체액 급증…금융당국, 저축은행 현장검사 착수",1주 전
"PF 대출 정상화되나?…금감원·예보, 저축은행 정밀 검사 착수",2일 전
"""부실 PF 정리 속도내자""…금감원·예보, 저축은행 공동검사",2일 전
"금감원·예보, 저축은행 PF 여신 프로세스 적정성 공동검사",2일 전
"[인터뷰] ""모바일 시대, 저축은행은 제자리"" - 진수일 변호사",3주 전
"스타저축은행, 순창제일고와 장학금 지원 협약식 체결",18시간 전
"금감원-예보, 상반기 저축은행 부동산PF 집중 점검",2일 전
'학생증 들고 오면 OK저축은행이 쏜다!' 6일 대한항공전 ‘OK SCHOOL DAY’ 이벤트 진행,20시간 전
"금감원, 예보와 저축은행 PF 대출 공동검사 나선다",4일 전
24개월 최고 연 3.20%…고려저축은행 ‘회전정기예금’ [이주의 저축은행 예금금리-3월 1주],3일 전
“돈 맡길 곳이 없네”…저축은행마저 예금 이자 年3% 깨졌다,1개월 전
‘네가 가라 최하위’...GS칼텍스와 페퍼저축은행의 마지막 맞대결 [주간 이슈],1일 전
"법원, 상상인 저축은행 주식처분명령 집행정지 인용",2주 전
2금융권 연체액 급증···저축은행 연체 3년여만에 264%늘어,1주 전
"'대주주에 부당이익 제공'한 안국저축은행, 금감원 중징계",1일 전
"창단 '최다승' 페퍼저축은행..""다음 시즌엔 봄배구 진출""",6일 전
저축은행·인터넷은행 예금금리 2%대 진입…‘머니 무브’ 가속화,3주 전
"금감원·예보, 중소형 저축은행도 공동검사 … PF 여신 프로세스 점검",5일 전
저축은행중앙회 회추위 가동...차기 회장 선출 착수,2주 전
2금융권 건전성 '경고음' 지속…저축은행 연체 3년여만에 264%↑,1주 전
제2금융권 올해도 ‘살얼음판’…저축은행 구조조정 계속될 듯,1개월 전
"금감원·예보, 저축은행 PF 여신 프로세스 집중 점검…‘공동검사’ 확대",2일 전
"JT저축은행, 1사 1교 금융교육 '금감원장상' 수상",6일 전
"금감원, 예보와 상반기 저축銀 PF여신 공동검사…""규모 관계없이 본다""",2일 전
"금감원-예보, 저축은행 ‘PF 부실’ 공동검사… 중소형사도 타깃",1일 전
저축은행도 사라진다… 9년간 점포 50곳 감소 - 조선비즈,1개월 전
"금감원·예보, 저축은행 공동검사 실시…PF 여신 프로세스 점검",2일 전
오화경 저축은행중앙회장 임기 만료…회추위 구성,2주 전
2금융권 '적신호'...저축은행 연체액 '수직상승',1주 전
페퍼저축은행-한국도로공사 풀영상,2일 전
예금 금리 속속 하락...저축은행도 '연 2%대' 진입,3주 전
